<xml xmlns:o="urn:schemas-microsoft-com:office:office">
 <o:MainFile
  HRef="../Alla%20klassegrare%20och%20Bästalista%2012,6%20KM%202007.htm"/>
 <o:File HRef="stylesheet.css"/>
 <o:File HRef="tabstrip.htm"/>
 <o:File HRef="sheet001.htm"/>
 <o:File HRef="sheet002.htm"/>
 <o:File HRef="sheet003.htm"/>
 <o:File HRef="sheet004.htm"/>
 <o:File HRef="sheet005.htm"/>
 <o:File HRef="sheet006.htm"/>
 <o:File HRef="sheet007.htm"/>
 <o:File HRef="sheet008.htm"/>
 <o:File HRef="sheet009.htm"/>
 <o:File HRef="sheet010.htm"/>
 <o:File HRef="sheet011.htm"/>
 <o:File HRef="sheet012.htm"/>
 <o:File HRef="sheet013.htm"/>
 <o:File HRef="sheet014.htm"/>
 <o:File HRef="sheet015.htm"/>
 <o:File HRef="sheet016.htm"/>
 <o:File HRef="sheet017.htm"/>
 <o:File HRef="sheet018.htm"/>
 <o:File HRef="sheet019.htm"/>
 <o:File HRef="sheet020.htm"/>
 <o:File HRef="sheet021.htm"/>
 <o:File HRef="sheet022.htm"/>
 <o:File HRef="sheet023.htm"/>
 <o:File HRef="sheet024.htm"/>
 <o:File HRef="sheet025.htm"/>
 <o:File HRef="sheet026.htm"/>
 <o:File HRef="sheet027.htm"/>
 <o:File HRef="sheet028.htm"/>
 <o:File HRef="sheet029.htm"/>
 <o:File HRef="filelist.xml"/>
</xml>